Workbook

Sheet Glosario
A1: Campo / Concepto | B1: Descripción
A2: Dominio | B2: Dimensión del bienestar evaluada (Físico, Nutricional, Emocional, Social, Familiar, Económico).
A3: Constructo | B3: Aspecto específico dentro de un dominio que se mide a través de una o más preguntas.
A4: Tipo | B4: RP: responsabilidad personal. FO: factor organizacional.
A5: PD_constructo | B5: Peso relativo del constructo dentro de su dominio.
A6: SR_constructo | B6: Severidad: impacto negativo que tiene un puntaje bajo en ese constructo sobre el bienestar.
A7: Peso_personal | B7: Valor 1 si la pregunta mide responsabilidad personal (RP), 0 si no.
A8: Peso_organizacional | B8: Valor 1 si la pregunta mide factor organizacional (FO), 0 si no.
A9: Respuesta_1a5 | B9: Respuesta de la persona en escala de 1 a 5 (1 muy bajo/en desacuerdo, 5 muy alto/de acuerdo).
A10: Score_pregunta | B10: Cálculo ponderado de cada ítem: (Respuesta/5) × PD_constructo × SR_constructo.
A11: Score_personal | B11: Parte del score atribuible a factores personales: Score_pregunta × Peso_personal.
A12: Score_organizacional | B12: Parte del score atribuible al contexto organizacional: Score_pregunta × Peso_organizacional.
... A20: Resumen | B20: Hoja orientada a nivel ejecutivo: IP, IO, IGB y conclusión global del estado de bienestar.

Sheet Respuestas
A1: Dominio | B1: Constructo | C1: Tipo | D1: Pregunta | E1: PD_constructo | F1: SR_constructo | G1: Peso_personal | H1: Peso_organizacional | I1: Respuesta_1a5 | J1: Score_pregunta | K1: Score_personal | L1: Score_organizacional | M1: Peso_total
A2: Físico | B2: Bienestar corporal básico | C2: RP | D2: ¿Dormís lo suficiente como para sentirte descansado/a la mayoría de los días? | E2: 0.6 | F2: 0.9 | G2: 1 | H2: 0 | J2: =(I2/5)*E2*F2 -> 0 | K2: =J2*G2 -> 0 | L2: =J2*H2 -> 0 | M2: =E2*F2 -> 0.54
A3: Físico | B3: Bienestar corporal básico | C3: FO | D3: ¿Tu jornada laboral permite mantener horarios regulares de descanso? | E3: 0.6 | F3: 0.9 | G3: 0 | H3: 1 | J3: =(I3/5)*E3*F3 -> 0 | K3: =J3*G3 -> 0 | L3: =J3*H3 -> 0 | M3: =E3*F3 -> 0.54
A4: Físico | B4: Cuidado físico diario | C4: RP | D4: ¿Te tomás pequeñas pausas o te movés unos minutos durante tu jornada? | E4: 0.4 | F4: 0.8 | G4: 1 | H4: 0 | J4: =(I4/5)*E4*F4 -> 0 | K4: =J4*G4 -> 0 | L4: =J4*H4 -> 0 | M4: =E4*F4 -> 0.32
A5: Físico | B5: Cuidado físico diario | C5: FO | D5: ¿El ritmo de trabajo permite hacer pausas breves cuando las necesitás? | E5: 0.4 | F5: 0.8 | G5: 0 | H5: 1 | J5: =(I5/5)*E5*F5 -> 0 | K5: =J5*G5 -> 0 | L5: =J5*H5 -> 0 | M5: =E5*F5 -> 0.32
A6: Nutricional | B6: Hábitos alimentarios básicos | C6: RP | D6: ¿Mantenés horarios mínimos para comer sin saltearte comidas? | E6: 1 | F6: 0.7 | G6: 1 | H6: 0 | J6: =(I6/5)*E6*F6 -> 0 | K6: =J6*G6 -> 0 | L6: =J6*H6 -> 0 | M6: =E6*F6 -> 0.7
A7: Nutricional | B7: Hábitos alimentarios básicos | C7: FO | D7: ¿Podés comer sin apuros durante tu jornada laboral? | E7: 1 | F7: 0.7 | G7: 0 | H7: 1 | J7: =(I7/5)*E7*F7 -> 0 | K7: =J7*G7 -> 0 | L7: =J7*H7 -> 0 | M7: =E7*F7 -> 0.7
A8: Emocional | B8: Tensión mental/emocional | C8: RP | D8: ¿Podés manejar el estrés diario sin sentirte desbordado/a? | E8: 0.4 | F8: 0.9 | G8: 1 | H8: 0 | J8: =(I8/5)*E8*F8 -> 0 | K8: =J8*G8 -> 0 | L8: =J8*H8 -> 0 | M8: =E8*F8 -> 0.36
A9: Emocional | B9: Tensión mental/emocional | C9: FO | D9: ¿Las exigencias del trabajo mantienen tu nivel de estrés en algo manejable? | E9: 0.4 | F9: 0.9 | G9: 0 | H9: 1 | J9: =(I9/5)*E9*F9 -> 0 | K9: =J9*G9 -> 0 | L9: =J9*H9 -> 0 | M9: =E9*F9 -> 0.36
A10: Emocional | B10: Manejo emocional | C10: RP | D10: ¿Lográs regular tus emociones en situaciones tensas? | E10: 0.35 | F10: 0.85 | G10: 1 | H10: 0 | J10: =(I10/5)*E10*F10 -> 0 | K10: =J10*G10 -> 0 | L10: =J10*H10 -> 0 | M10: =E10*F10 -> 0.2975
A11: Emocional | B11: Manejo emocional | C11: FO | D11: ¿El ambiente laboral favorece un clima emocional saludable? | E11: 0.35 | F11: 0.85 | G11: 0 | H11: 1 | J11: =(I11/5)*E11*F11 -> 0 | K11: =J11*G11 -> 0 | L11: =J11*H11 -> 0 | M11: =E11*F11 -> 0.2975
A12: Emocional | B12: Satisfacción emocional | C12: RP | D12: ¿Disfrutás al menos una parte de tu trabajo en el día a día? | E12: 0.25 | F12: 0.7 | G12: 1 | H12: 0 | J12: =(I12/5)*E12*F12 -> 0 | K12: =J12*G12 -> 0 | L12: =J12*H12 -> 0 | M12: =E12*F12 -> 0.175
A13: Emocional | B13: Satisfacción emocional | C13: FO | D13: ¿El entorno laboral favorece experiencias positivas durante la jornada? | E13: 0.25 | F13: 0.7 | G13: 0 | H13: 1 | J13: =(I13/5)*E13*F13 -> 0 | K13: =J13*G13 -> 0 | L13: =J13*H13 -> 0 | M13: =E13*F13 -> 0.175
... A25: Económico | B25: Gestión económica personal | C25: FO | D25: ¿Recibís tu información salarial de forma clara y confiable? | E25: 0.4 | F25: 0.8 | G25: 0 | H25: 1 | J25: =(I25/5)*E25*F25 -> 0 | K25: =J25*G25 -> 0 | L25: =J25*H25 -> 0 | M25: =E25*F25 -> 0.32

Sheet Resumen
A1: Indicador | B1: Valor | C1: Valor_% | D1: Interpretación
A2: Índice Personal Global | B2: =Índices!B2 -> 0 | C2: =Índices!C2 -> 0 | D2: =IF(Índices!B2<2,"Crítico",IF(Índices!B2<3,"En riesgo",IF(Índices!B2<4,"Aceptable","Saludable"))) -> Crítico
A3: Índice Organizacional Global | B3: =Índices!B3 -> 0 | C3: =Índices!C3 -> 0 | D3: =IF(Índices!B3<2,"Crítico",IF(Índices!B3<3,"En riesgo",IF(Índices!B3<4,"Aceptable","Saludable"))) -> Crítico
A4: Índice General de Bienestar | B4: =Índices!B4 -> 0 | C4: =Índices!C4 -> 0 | D4: =IF(Índices!B4<2,"Crítico",IF(Índices!B4<3,"En riesgo",IF(Índices!B4<4,"Aceptable","Saludable"))) -> Crítico
A6: Resumen Automático | B6: Texto
A7: Conclusión General | B7: =IF(Índices!B4<2,"El bienestar general es CRÍTICO y requiere intervención inmediata.",IF(Índices!B4<3,"El bienestar general presenta RIESGOS que deben priorizarse en el plan de acción.",IF(Índices!B4<4,"El bienestar general es ACEPTABLE, con oportunidades de mejora claras.","El bienestar general es SALUDABLE. Conviene sostener las prácticas actuales y capitalizar lo aprendido."))) -> El bienestar general es CRÍTICO y requiere intervención inmediata.

Sheet Índices
A1: Índice | B1: Valor | C1: Valor_% | D1: Descripción
A2: IP_global | B2: =5*SUM(Respuestas!K2:K25)/SUMIFS(Respuestas!M2:M25,Respuestas!G2:G25,1) -> 0 | C2: =B2/5*100 -> 0 | D2: Índice Personal Global (0–5)
A3: IO_global | B3: =5*SUM(Respuestas!L2:L25)/SUMIFS(Respuestas!M2:M25,Respuestas!H2:H25,1) -> 0 | C3: =B3/5*100 -> 0 | D3: Índice Organizacional Global (0–5)
A4: IGB_global | B4: =(B2+B3)/2 -> 0 | C4: =B4/5*100 -> 0 | D4: Índice General de Bienestar (0–5)
A6: Dominio | B6: IP_dom | C6: IP_dom_% | D6: IO_dom | E6: IO_dom_% | F6: IGB_dom | G6: IGB_dom_% | H6: Descripción
A7: Físico | B7: =5*SUMIFS(Respuestas!K2:K25,Respuestas!A2:A25,"Físico")/SUMIFS(Respuestas!M2:M25,Respuestas!A2:A25,"Físico",Respuestas!G2:G25,1) -> 0 | C7: =B7/5*100 -> 0 | D7: =5*SUMIFS(Respuestas!L2:L25,Respuestas!A2:A25,"Físico")/SUMIFS(Respuestas!M2:M25,Respuestas!A2:A25,"Físico",Respuestas!H2:H25,1) -> 0 | E7: =D7/5*100 -> 0 | F7: =(B7+D7)/2 -> 0 | G7: =F7/5*100 -> 0 | H7: Índices del dominio Físico (0–5)
A8: Nutricional | B8: =5*SUMIFS(Respuestas!K2:K25,Respuestas!A2:A25,"Nutricional")/SUMIFS(Respuestas!M2:M25,Respuestas!A2:A25,"Nutricional",Respuestas!G2:G25,1) -> 0 | C8: =B8/5*100 -> 0 | D8: =5*SUMIFS(Respuestas!L2:L25,Respuestas!A2:A25,"Nutricional")/SUMIFS(Respuestas!M2:M25,Respuestas!A2:A25,"Nutricional",Respuestas!H2:H25,1) -> 0 | E8: =D8/5*100 -> 0 | F8: =(B8+D8)/2 -> 0 | G8: =F8/5*100 -> 0 | H8: Índices del dominio Nutricional (0–5)
A9: Emocional | B9: =5*SUMIFS(Respuestas!K2:K25,Respuestas!A2:A25,"Emocional")/SUMIFS(Respuestas!M2:M25,Respuestas!A2:A25,"Emocional",Respuestas!G2:G25,1) -> 0 | C9: =B9/5*100 -> 0 | D9: =5*SUMIFS(Respuestas!L2:L25,Respuestas!A2:A25,"Emocional")/SUMIFS(Respuestas!M2:M25,Respuestas!A2:A25,"Emocional",Respuestas!H2:H25,1) -> 0 | E9: =D9/5*100 -> 0 | F9: =(B9+D9)/2 -> 0 | G9: =F9/5*100 -> 0 | H9: Índices del dominio Emocional (0–5)
A10: Social | B10: =5*SUMIFS(Respuestas!K2:K25,Respuestas!A2:A25,"Social")/SUMIFS(Respuestas!M2:M25,Respuestas!A2:A25,"Social",Respuestas!G2:G25,1) -> 0 | C10: =B10/5*100 -> 0 | D10: =5*SUMIFS(Respuestas!L2:L25,Respuestas!A2:A25,"Social")/SUMIFS(Respuestas!M2:M25,Respuestas!A2:A25,"Social",Respuestas!H2:H25,1) -> 0 | E10: =D10/5*100 -> 0 | F10: =(B10+D10)/2 -> 0 | G10: =F10/5*100 -> 0 | H10: Índices del dominio Social (0–5)
A11: Familiar | B11: =5*SUMIFS(Respuestas!K2:K25,Respuestas!A2:A25,"Familiar")/SUMIFS(Respuestas!M2:M25,Respuestas!A2:A25,"Familiar",Respuestas!G2:G25,1) -> 0 | C11: =B11/5*100 -> 0 | D11: =5*SUMIFS(Respuestas!L2:L25,Respuestas!A2:A25,"Familiar")/SUMIFS(Respuestas!M2:M25,Respuestas!A2:A25,"Familiar",Respuestas!H2:H25,1) -> 0 | E11: =D11/5*100 -> 0 | F11: =(B11+D11)/2 -> 0 | G11: =F11/5*100 -> 0 | H11: Índices del dominio Familiar (0–5)
A12: Económico | B12: =5*SUMIFS(Respuestas!K2:K25,Respuestas!A2:A25,"Económico")/SUMIFS(Respuestas!M2:M25,Respuestas!A2:A25,"Económico",Respuestas!G2:G25,1) -> 0 | C12: =B12/5*100 -> 0 | D12: =5*SUMIFS(Respuestas!L2:L25,Respuestas!A2:A25,"Económico")/SUMIFS(Respuestas!M2:M25,Respuestas!A2:A25,"Económico",Respuestas!H2:H25,1) -> 0 | E12: =D12/5*100 -> 0 | F12: =(B12+D12)/2 -> 0 | G12: =F12/5*100 -> 0 | H12: Índices del dominio Económico (0–5)

Sheet Mensajes
A1: Sev_code | B1: Texto_dominio | C1: Texto_recomendacion | D1: Brecha_code | E1: Texto_brecha
A2: 1 | B2: se encuentra en un nivel CRÍTICO y requiere atención inmediata. | C2: Definir e implementar un plan de acción urgente con medidas concretas, responsables y seguimiento cercano. | D2: -1 | E2: Los hábitos y recursos personales están por debajo de las condiciones que ofrece la organización. Conviene trabajar primero en autocuidado, hábitos y conciencia personal en este dominio.
A3: 2 | B3: presenta RIESGOS que no pueden ignorarse. | C3: Diseñar acciones de mejora para los próximos 90 días, priorizando este dominio en la planificación. | D3: 0 | E3: No se observa una brecha marcada entre lo personal y lo organizacional. Es un dominio que requiere mejoras integradas (persona–organización).
A4: 3 | B4: se encuentra en un nivel ACEPTABLE, con oportunidades claras de mejora. | C4: Mantener el nivel actual e incorporar acciones puntuales para fortalecer los aspectos más débiles. | D4: 1 | E4: Los hábitos personales están relativamente mejor que el contexto organizacional. Es necesario revisar prácticas, procesos, liderazgo o condiciones laborales en este dominio.
A5: 4 | B5: se encuentra en un nivel SALUDABLE. | C5: Sostener las prácticas actuales y documentarlas como buenas prácticas para otras áreas o equipos.

Sheet Recomendaciones
A1: Dominio | B1: IGB_dom | C1: Sev_code | D1: Recomendación
A2: Físico | B2: =Conclusiones!D2 -> 0 | C2: =Conclusiones!E2 -> 1 | D2: =Conclusiones!I2 -> Definir e implementar un plan de acción urgente con medidas concretas, responsables y seguimiento cercano.
A3: Nutricional | B3: =Conclusiones!D3 -> 0 | C3: =Conclusiones!E3 -> 1 | D3: =Conclusiones!I3 -> Definir e implementar un plan de acción urgente con medidas concretas, responsables y seguimiento cercano.
A4: Emocional | B4: =Conclusiones!D4 -> 0 | C4: =Conclusiones!E4 -> 1 | D4: =Conclusiones!I4 -> Definir e implementar un plan de acción urgente con medidas concretas, responsables y seguimiento cercano.
A5: Social | B5: =Conclusiones!D5 -> 0 | C5: =Conclusiones!E5 -> 1 | D5: =Conclusiones!I5 -> Definir e implementar un plan de acción urgente con medidas concretas, responsables y seguimiento cercano.
A6: Familiar | B6: =Conclusiones!D6 -> 0 | C6: =Conclusiones!E6 -> 1 | D6: =Conclusiones!I6 -> Definir e implementar un plan de acción urgente con medidas concretas, responsables y seguimiento cercano.
A7: Económico | B7: =Conclusiones!D7 -> 0 | C7: =Conclusiones!E7 -> 1 | D7: =Conclusiones!I7 -> Definir e implementar un plan de acción urgente con medidas concretas, responsables y seguimiento cercano.

Sheet Conclusiones
A1: Dominio | B1: IP_dom | C1: IO_dom | D1: IGB_dom | E1: Sev_code | F1: Brecha_code | G1: Conclusión | H1: Insight_RP_vs_FO | I1: Recomendación
A2: Físico | B2: =INDEX(Índices!B:B,MATCH(A2,Índices!A:A,0)) -> 0 | C2: =INDEX(Índices!D:D,MATCH(A2,Índices!A:A,0)) -> 0 | D2: =INDEX(Índices!F:F,MATCH(A2,Índices!A:A,0)) -> 0 | E2: =IF(D2<2,1,IF(D2<3,2,IF(D2<4,3,4))) -> 1 | F2: =IF(B2<C2-0.5,-1,IF(C2<B2-0.5,1,0)) -> 0 | G2: ="En el dominio "&A2&", "&INDEX(Mensajes!B:B,MATCH(E2,Mensajes!A:A,0)) -> En el dominio Físico, se encuentra en un nivel CRÍTICO y requiere atención inmediata. | H2: =INDEX(Mensajes!E:E,MATCH(F2,Mensajes!D:D,0)) -> No se observa una brecha marcada entre lo personal y lo organizacional. Es un dominio que requiere mejoras integradas (persona–organización). | I2: =INDEX(Mensajes!C:C,MATCH(E2,Mensajes!A:A,0)) -> Definir e implementar un plan de acción urgente con medidas concretas, responsables y seguimiento cercano.
A3: Nutricional | B3: =INDEX(Índices!B:B,MATCH(A3,Índices!A:A,0)) -> 0 | C3: =INDEX(Índices!D:D,MATCH(A3,Índices!A:A,0)) -> 0 | D3: =INDEX(Índices!F:F,MATCH(A3,Índices!A:A,0)) -> 0 | E3: =IF(D3<2,1,IF(D3<3,2,IF(D3<4,3,4))) -> 1 | F3: =IF(B3<C3-0.5,-1,IF(C3<B3-0.5,1,0)) -> 0 | G3: ="En el dominio "&A3&", "&INDEX(Mensajes!B:B,MATCH(E3,Mensajes!A:A,0)) -> En el dominio Nutricional, se encuentra en un nivel CRÍTICO y requiere atención inmediata. | H3: =INDEX(Mensajes!E:E,MATCH(F3,Mensajes!D:D,0)) -> No se observa una brecha marcada entre lo personal y lo organizacional. Es un dominio que requiere mejoras integradas (persona–organización). | I3: =INDEX(Mensajes!C:C,MATCH(E3,Mensajes!A:A,0)) -> Definir e implementar un plan de acción urgente con medidas concretas, responsables y seguimiento cercano.
A4: Emocional | B4: =INDEX(Índices!B:B,MATCH(A4,Índices!A:A,0)) -> 0 | C4: =INDEX(Índices!D:D,MATCH(A4,Índices!A:A,0)) -> 0 | D4: =INDEX(Índices!F:F,MATCH(A4,Índices!A:A,0)) -> 0 | E4: =IF(D4<2,1,IF(D4<3,2,IF(D4<4,3,4))) -> 1 | F4: =IF(B4<C4-0.5,-1,IF(C4<B4-0.5,1,0)) -> 0 | G4: ="En el dominio "&A4&", "&INDEX(Mensajes!B:B,MATCH(E4,Mensajes!A:A,0)) -> En el dominio Emocional, se encuentra en un nivel CRÍTICO y requiere atención inmediata. | H4: =INDEX(Mensajes!E:E,MATCH(F4,Mensajes!D:D,0)) -> No se observa una brecha marcada entre lo personal y lo organizacional. Es un dominio que requiere mejoras integradas (persona–organización). | I4: =INDEX(Mensajes!C:C,MATCH(E4,Mensajes!A:A,0)) -> Definir e implementar un plan de acción urgente con medidas concretas, responsables y seguimiento cercano.
A5: Social | B5: =INDEX(Índices!B:B,MATCH(A5,Índices!A:A,0)) -> 0 | C5: =INDEX(Índices!D:D,MATCH(A5,Índices!A:A,0)) -> 0 | D5: =INDEX(Índices!F:F,MATCH(A5,Índices!A:A,0)) -> 0 | E5: =IF(D5<2,1,IF(D5<3,2,IF(D5<4,3,4))) -> 1 | F5: =IF(B5<C5-0.5,-1,IF(C5<B5-0.5,1,0)) -> 0 | G5: ="En el dominio "&A5&", "&INDEX(Mensajes!B:B,MATCH(E5,Mensajes!A:A,0)) -> En el dominio Social, se encuentra en un nivel CRÍTICO y requiere atención inmediata. | H5: =INDEX(Mensajes!E:E,MATCH(F5,Mensajes!D:D,0)) -> No se observa una brecha marcada entre lo personal y lo organizacional. Es un dominio que requiere mejoras integradas (persona–organización). | I5: =INDEX(Mensajes!C:C,MATCH(E5,Mensajes!A:A,0)) -> Definir e implementar un plan de acción urgente con medidas concretas, responsables y seguimiento cercano.
A6: Familiar | B6: =INDEX(Índices!B:B,MATCH(A6,Índices!A:A,0)) -> 0 | C6: =INDEX(Índices!D:D,MATCH(A6,Índices!A:A,0)) -> 0 | D6: =INDEX(Índices!F:F,MATCH(A6,Índices!A:A,0)) -> 0 | E6: =IF(D6<2,1,IF(D6<3,2,IF(D6<4,3,4))) -> 1 | F6: =IF(B6<C6-0.5,-1,IF(C6<B6-0.5,1,0)) -> 0 | G6: ="En el dominio "&A6&", "&INDEX(Mensajes!B:B,MATCH(E6,Mensajes!A:A,0)) -> En el dominio Familiar, se encuentra en un nivel CRÍTICO y requiere atención inmediata. | H6: =INDEX(Mensajes!E:E,MATCH(F6,Mensajes!D:D,0)) -> No se observa una brecha marcada entre lo personal y lo organizacional. Es un dominio que requiere mejoras integradas (persona–organización). | I6: =INDEX(Mensajes!C:C,MATCH(E6,Mensajes!A:A,0)) -> Definir e implementar un plan de acción urgente con medidas concretas, responsables y seguimiento cercano.
A7: Económico | B7: =INDEX(Índices!B:B,MATCH(A7,Índices!A:A,0)) -> 0 | C7: =INDEX(Índices!D:D,MATCH(A7,Índices!A:A,0)) -> 0 | D7: =INDEX(Índices!F:F,MATCH(A7,Índices!A:A,0)) -> 0 | E7: =IF(D7<2,1,IF(D7<3,2,IF(D7<4,3,4))) -> 1 | F7: =IF(B7<C7-0.5,-1,IF(C7<B7-0.5,1,0)) -> 0 | G7: ="En el dominio "&A7&", "&INDEX(Mensajes!B:B,MATCH(E7,Mensajes!A:A,0)) -> En el dominio Económico, se encuentra en un nivel CRÍTICO y requiere atención inmediata. | H7: =INDEX(Mensajes!E:E,MATCH(F7,Mensajes!D:D,0)) -> No se observa una brecha marcada entre lo personal y lo organizacional. Es un dominio que requiere mejoras integradas (persona–organización). | I7: =INDEX(Mensajes!C:C,MATCH(E7,Mensajes!A:A,0)) -> Definir e implementar un plan de acción urgente con medidas concretas, responsables y seguimiento cercano.

Sheet Informe_detallado
A1: Dominio | B1: IP_dom | C1: IP_dom_% | D1: IO_dom | E1: IO_dom_% | F1: IGB_dom | G1: IGB_dom_% | H1: Conclusión | I1: Insight_RP_vs_FO | J1: Recomendación
A2: Físico | B2: =INDEX(Índices!B:B,MATCH(A2,Índices!A:A,0)) -> 0 | C2: =INDEX(Índices!C:C,MATCH(A2,Índices!A:A,0)) -> 0 | D2: =INDEX(Índices!D:D,MATCH(A2,Índices!A:A,0)) -> 0 | E2: =INDEX(Índices!E:E,MATCH(A2,Índices!A:A,0)) -> 0 | F2: =INDEX(Índices!F:F,MATCH(A2,Índices!A:A,0)) -> 0 | G2: =INDEX(Índices!G:G,MATCH(A2,Índices!A:A,0)) -> 0 | H2: =Conclusiones!G2 -> En el dominio Físico, se encuentra en un nivel CRÍTICO y requiere atención inmediata. | I2: =Conclusiones!H2 -> No se observa una brecha marcada entre lo personal y lo organizacional. Es un dominio que requiere mejoras integradas (persona–organización). | J2: =Conclusiones!I2 -> Definir e implementar un plan de acción urgente con medidas concretas, responsables y seguimiento cercano.
A3: Nutricional | B3: =INDEX(Índices!B:B,MATCH(A3,Índices!A:A,0)) -> 0 | C3: =INDEX(Índices!C:C,MATCH(A3,Índices!A:A,0)) -> 0 | D3: =INDEX(Índices!D:D,MATCH(A3,Índices!A:A,0)) -> 0 | E3: =INDEX(Índices!E:E,MATCH(A3,Índices!A:A,0)) -> 0 | F3: =INDEX(Índices!F:F,MATCH(A3,Índices!A:A,0)) -> 0 | G3: =INDEX(Índices!G:G,MATCH(A3,Índices!A:A,0)) -> 0 | H3: =Conclusiones!G3 -> En el dominio Nutricional, se encuentra en un nivel CRÍTICO y requiere atención inmediata. | I3: =Conclusiones!H3 -> No se observa una brecha marcada entre lo personal y lo organizacional. Es un dominio que requiere mejoras integradas (persona–organización). | J3: =Conclusiones!I3 -> Definir e implementar un plan de acción urgente con medidas concretas, responsables y seguimiento cercano.
A4: Emocional | B4: =INDEX(Índices!B:B,MATCH(A4,Índices!A:A,0)) -> 0 | C4: =INDEX(Índices!C:C,MATCH(A4,Índices!A:A,0)) -> 0 | D4: =INDEX(Índices!D:D,MATCH(A4,Índices!A:A,0)) -> 0 | E4: =INDEX(Índices!E:E,MATCH(A4,Índices!A:A,0)) -> 0 | F4: =INDEX(Índices!F:F,MATCH(A4,Índices!A:A,0)) -> 0 | G4: =INDEX(Índices!G:G,MATCH(A4,Índices!A:A,0)) -> 0 | H4: =Conclusiones!G4 -> En el dominio Emocional, se encuentra en un nivel CRÍTICO y requiere atención inmediata. | I4: =Conclusiones!H4 -> No se observa una brecha marcada entre lo personal y lo organizacional. Es un dominio que requiere mejoras integradas (persona–organización). | J4: =Conclusiones!I4 -> Definir e implementar un plan de acción urgente con medidas concretas, responsables y seguimiento cercano.
A5: Social | B5: =INDEX(Índices!B:B,MATCH(A5,Índices!A:A,0)) -> 0 | C5: =INDEX(Índices!C:C,MATCH(A5,Índices!A:A,0)) -> 0 | D5: =INDEX(Índices!D:D,MATCH(A5,Índices!A:A,0)) -> 0 | E5: =INDEX(Índices!E:E,MATCH(A5,Índices!A:A,0)) -> 0 | F5: =INDEX(Índices!F:F,MATCH(A5,Índices!A:A,0)) -> 0 | G5: =INDEX(Índices!G:G,MATCH(A5,Índices!A:A,0)) -> 0 | H5: =Conclusiones!G5 -> En el dominio Social, se encuentra en un nivel CRÍTICO y requiere atención inmediata. | I5: =Conclusiones!H5 -> No se observa una brecha marcada entre lo personal y lo organizacional. Es un dominio que requiere mejoras integradas (persona–organización). | J5: =Conclusiones!I5 -> Definir e implementar un plan de acción urgente con medidas concretas, responsables y seguimiento cercano.
A6: Familiar | B6: =INDEX(Índices!B:B,MATCH(A6,Índices!A:A,0)) -> 0 | C6: =INDEX(Índices!C:C,MATCH(A6,Índices!A:A,0)) -> 0 | D6: =INDEX(Índices!D:D,MATCH(A6,Índices!A:A,0)) -> 0 | E6: =INDEX(Índices!E:E,MATCH(A6,Índices!A:A,0)) -> 0 | F6: =INDEX(Índices!F:F,MATCH(A6,Índices!A:A,0)) -> 0 | G6: =INDEX(Índices!G:G,MATCH(A6,Índices!A:A,0)) -> 0 | H6: =Conclusiones!G6 -> En el dominio Familiar, se encuentra en un nivel CRÍTICO y requiere atención inmediata. | I6: =Conclusiones!H6 -> No se observa una brecha marcada entre lo personal y lo organizacional. Es un dominio que requiere mejoras integradas (persona–organización). | J6: =Conclusiones!I6 -> Definir e implementar un plan de acción urgente con medidas concretas, responsables y seguimiento cercano.
A7: Económico | B7: =INDEX(Índices!B:B,MATCH(A7,Índices!A:A,0)) -> 0 | C7: =INDEX(Índices!C:C,MATCH(A7,Índices!A:A,0)) -> 0 | D7: =INDEX(Índices!D:D,MATCH(A7,Índices!A:A,0)) -> 0 | E7: =INDEX(Índices!E:E,MATCH(A7,Índices!A:A,0)) -> 0 | F7: =INDEX(Índices!F:F,MATCH(A7,Índices!A:A,0)) -> 0 | G7: =INDEX(Índices!G:G,MATCH(A7,Índices!A:A,0)) -> 0 | H7: =Conclusiones!G7 -> En el dominio Económico, se encuentra en un nivel CRÍTICO y requiere atención inmediata. | I7: =Conclusiones!H7 -> No se observa una brecha marcada entre lo personal y lo organizacional. Es un dominio que requiere mejoras integradas (persona–organización). | J7: =Conclusiones!I7 -> Definir e implementar un plan de acción urgente con medidas concretas, responsables y seguimiento cercano.
